chemical formula,saturation magnetization,compoundradix,stoicentw,Zw,periodw,groupw,meltingTw,miedemaH,valencew,electronegw,n_records,sample_id
AgCrTi,0.677771,3,1.0986122886681098,69.24382666666666,4.333333333333333,6.999999999999999,1785.31,8.0,4.666666666666666,1.71,1,TUDA/Tetragonally_distortion_cubic/Ti4Cr4Ag4_#119_205.json
AgMn3N,1.80766,3,0.9502705392332346,57.33787058,3.8,9.4,1171.016,-65.92,6.0,1.9240000000000002,1,TUDA/Tetragonally_distortion_cubic/Mn3Ag1N1_#123_11.json
AlCo2Cr,0.7509859999999999,3,1.0397207708399179,49.2110218425,3.75,9.25,1662.3675,-14.0,4.75,1.7575,1,TUDA/Tetragonally_distortion_cubic/Al4Cr4Co8_#139_180.json
AlCo2Fe,1.252635,3,1.0397207708399179,50.1732818425,3.75,9.75,1570.1175,-12.75,4.75,1.8,2,
AlCo2Hf,0.210034,3,1.0397207708399179,80.8349818425,4.25,8.75,1743.8675,-36.75,4.25,1.6675,1,TUDA/Tetragonally_distortion_cubic/Hf4Al4Co8_#139_335.json
AlCo2Mn,1.0153949999999998,3,1.0397207708399179,49.9464929175,3.75,9.5,1497.1175,-16.75,5.0,1.73,2,
AlCo2Nb,0.436259,3,1.0397207708399179,59.4385748425,4.0,9.0,1804.8675,-26.5,4.5,1.7425,1,TUDA/Tetragonally_distortion_cubic/Nb4Al4Co8_#139_269.json
AlCo2Ta,0.42968799999999996,3,1.0397207708399179,81.44895234250001,4.25,9.0,1939.8675,-26.25,4.5,1.7175,1,TUDA/Tetragonally_distortion_cubic/Ta4Al4Co8_#139_272.json
AlCo2V,0.487486,3,1.0397207708399179,48.9473593425,3.75,9.0,1663.1175,-20.5,4.5,1.75,1,TUDA/Tetragonally_distortion_cubic/Al4V4Co8_#139_249.json
AlCo2Zr,0.20665599999999998,3,1.0397207708399179,59.018031842499994,4.0,8.75,1649.3675,-41.0,4.25,1.675,1,TUDA/Tetragonally_distortion_cubic/Zr4Al4Co8_#139_337.json
AlCrCu2,0.6688200000000001,3,1.0397207708399179,51.5175746425,3.75,10.25,1457.2525,3.0,4.25,1.7675,1,TUDA/Tetragonally_distortion_cubic/Al4Cr4Cu8_#139_212.json
AlCrFe2,0.254618,3,1.0397207708399179,47.6670246425,3.75,8.75,1683.8675,-8.5,5.25,1.7325000000000002,1,TUDA/Tetragonally_distortion_cubic/Al4Cr4Fe8_#139_308.json
AlCrNi2,0.790662,3,1.0397207708399179,49.091144642500005,3.75,9.75,1642.3675,-17.0,4.25,1.7725,1,TUDA/Tetragonally_distortion_cubic/Al4Cr4Ni8_#139_167.json
AlCrRu2,0.234834,3,1.0397207708399179,70.28042464250001,4.25,8.75,2081.8675000000003,-19.0,6.25,1.9175000000000002,1,TUDA/Tetragonally_distortion_cubic/Al4Cr4Ru8_#139_318.json
AlCu2Mn,0.7908000000000001,3,1.0397207708399179,52.2530457175,3.75,10.5,1292.0025,-3.25,4.5,1.74,1,TUDA/Tetragonally_distortion_cubic/Mn4Al4Cu8_#139_166.json
AlFe,0.351329,2,0.6931471805599453,41.413369285,3.5,10.5,1372.2350000000001,-11.0,4.5,1.7200000000000002,1,TUDA/Tetragonally_distortion_cubic/Al1Fe1_#123_287.json
AlFe2,1.0952600000000001,2,0.6365141682948129,46.22397952333333,3.6666666666666665,9.666666666666666,1518.49,-9.777777777777777,5.0,1.7566666666666666,1,TUDA/Tetragonally_distortion_cubic/Al8Fe16_#141_93.json
AlFe2Mo,0.18867099999999998,3,1.0397207708399179,58.65573464249999,4.0,8.75,1862.8675,-7.75,5.25,1.8575000000000002,1,TUDA/Tetragonally_distortion_cubic/Al4Fe8Mo4_#139_348.json
AlFe2Ni,1.109605,3,1.0397207708399179,49.341344642500005,3.75,9.75,1570.8675,-12.0,4.75,1.795,2,
AlFe2Ti,0.21737099999999998,3,1.0397207708399179,46.6347596425,3.75,8.25,1624.1175,-21.5,4.75,1.7025000000000001,1,TUDA/Tetragonally_distortion_cubic/Ti4Al4Fe8_#139_330.json
AlFe2W,0.204589,3,1.0397207708399179,80.6282346425,4.25,8.75,2062.6175000000003,-6.0,5.25,1.9075000000000002,1,TUDA/Tetragonally_distortion_cubic/Al3Fe6W3_#2_339.json
AlFe3,1.47028,2,0.5623351446188083,48.6292846425,3.75,9.25,1591.6175,-8.25,5.25,1.7750000000000001,1,TUDA/Tetragonally_distortion_cubic/Al4Fe12_#139_45.json
AlMn,0.8,2,0.6931471805599453,40.959791435,3.5,10.0,1226.2350000000001,-19.0,5.0,1.58,5,DUK/Mn1Al1_#123_0_2.json
AlMn2Nb,0.427515,3,1.0397207708399179,57.4409997925,4.0,8.0,1680.3675,-16.0,5.5,1.5775000000000001,1,TUDA/Tetragonally_distortion_cubic/Mn8Nb4Al4_#139_274.json
AlMn2Ta,0.430874,3,1.0397207708399179,79.4513772925,4.25,8.0,1815.3675,-16.25,5.5,1.5525,1,TUDA/Tetragonally_distortion_cubic/Ta4Mn8Al4_#139_271.json
AlMn2Ti,0.657237,3,1.0397207708399179,46.1811817925,3.75,7.75,1478.1175,-21.0,5.25,1.5625,1,TUDA/Tetragonally_distortion_cubic/Ti4Mn8Al4_#139_215.json
AlMn2V,0.472875,3,1.0397207708399179,46.9497842925,3.75,8.0,1538.6175,-14.0,5.5,1.585,1,TUDA/Tetragonally_distortion_cubic/Mn8Al4V4_#139_254.json
AlMn2W,0.22447799999999998,3,1.0397207708399179,80.1746567925,4.25,8.25,1916.6175,-7.0,5.75,1.7675,1,TUDA/Tetragonally_distortion_cubic/Mn8Al4W4_#139_327.json
AlMnNi2,0.9991500000000001,3,1.0397207708399179,49.826615717500005,3.75,10.0,1477.1175,-19.75,4.5,1.7449999999999999,1,TUDA/Tetragonally_distortion_cubic/Mn4Al4Ni8_#139_102.json
AlMnOs2,0.47050899999999996,3,1.0397207708399179,115.5963957175,4.75,9.0,2266.1175000000003,-18.25,6.5,1.8900000000000001,1,TUDA/Tetragonally_distortion_cubic/Mn4Al4Os8_#139_255.json
AlMnPd2,0.823233,3,1.0397207708399179,73.6903957175,4.25,10.0,1527.1425,-39.25,4.5,1.8900000000000001,1,TUDA/Tetragonally_distortion_cubic/Mn4Al4Pd8_#139_151.json
AlMnPt2,0.830442,3,1.0397207708399179,118.0223457175,4.75,10.0,1633.8175,-40.75,5.5,1.93,1,TUDA/Tetragonally_distortion_cubic/Mn4Al4Pt8_#139_150.json
AlMnRh2,0.8643689999999999,3,1.0397207708399179,71.9326467175,4.25,9.5,1731.6175,-28.75,5.5,1.93,1,TUDA/Tetragonally_distortion_cubic/Mn4Al4Rh8_#139_134.json
AlMnRu2,0.461335,3,1.0397207708399179,71.0158957175,4.25,9.0,1916.6175,-20.75,6.5,1.8900000000000001,1,TUDA/Tetragonally_distortion_cubic/Mn4Al4Ru8_#139_258.json
AlMnTc,0.8929229999999999,3,1.0986122886681098,59.973194289999995,4.0,9.0,1627.4899999999998,-20.888888888888893,5.666666666666666,1.6866666666666665,1,TUDA/Tetragonally_distortion_cubic/Mn4Al4Tc4_#119_123.json
AuMn,1.4456,2,0.6931471805599453,125.9523069,5.0,9.0,1428.165,-11.0,6.0,2.045,1,TUDA/Tetragonally_distortion_cubic/Mn1Au1_#123_46.json
AuMnSb,0.7994439999999999,3,1.0986122886681098,124.55490459999999,5.0,11.0,1253.37,-11.555555555555554,5.666666666666666,2.0466666666666664,1,TUDA/Tetragonally_distortion_cubic/Mn4Sb4Au4_#119_163.json
AuMnSn,0.733518,3,1.0986122886681098,123.53843793333333,5.0,10.666666666666666,1120.4699999999998,-12.444444444444443,5.333333333333333,2.0166666666666666,1,TUDA/Tetragonally_distortion_cubic/Mn4Sn4Au4_#119_186.json
BFe2,1.595,2,0.6365141682948129,40.83346666666666,3.333333333333333,9.666666666666666,1990.3333333333333,-23.11111111111111,5.0,1.9,5,ICCRAM_UBU/AGA/Fe-B/2-1/Fe8B4_#140_1.json
BFe3,1.654,2,0.5623351446188083,44.5864,3.5,9.25,1945.5,-19.5,5.25,1.8825,5,ICCRAM_UBU/AGA/Fe-B/3-1/Fe3B1_#8_1.json
BFe4,1.85,2,0.5004024235381879,46.83816,3.6,9.0,1918.6000000000001,-16.640000000000004,5.4,1.8720000000000003,7,ICCRAM_UBU/AGA/Fe-B/4-1/Fe8B2_#23_1.json
BFe5,1.992,2,0.45056120886630463,48.339333333333336,3.666666666666667,8.833333333333334,1900.6666666666667,-14.444444444444445,5.5,1.8650000000000002,5,ICCRAM_UBU/AGA/Fe-B/5-1/Fe5B1_#8_1.json
BFe6,2.077,2,0.41011631828840905,49.41159999999999,3.714285714285714,8.714285714285714,1887.8571428571427,-12.734693877551019,5.571428571428571,1.8599999999999999,5,ICCRAM_UBU/AGA/Fe-B/6-1/Fe6B1_#10_1.json
Be2MnPt,0.839696,3,1.0397207708399179,67.01182765,3.5,5.25,1670.1,-17.0,4.25,1.7425000000000002,1,TUDA/Tetragonally_distortion_cubic/Mn4Be8Pt4_#139_146.json
Be2MnRh,0.854216,3,1.0397207708399179,43.96697815,3.25,5.0,1719.0,-12.0,4.25,1.7425,1,TUDA/Tetragonally_distortion_cubic/Mn4Be8Rh4_#139_139.json
BeCo2V,0.249156,3,1.0397207708399179,44.4550204875,3.5,6.25,1819.75,-13.0,4.25,1.74,1,TUDA/Tetragonally_distortion_cubic/Be3V3Co6_#2_310.json
BeFe2Si,0.340784,3,1.0397207708399179,37.1968957875,3.25,8.0,1717.25,-23.25,4.5,1.7825,1,TUDA/Tetragonally_distortion_cubic/Be4Fe8Si4_#139_290.json
BeFe2V,0.24081000000000002,3,1.0397207708399179,42.9110232875,3.5,5.75,1841.25,-9.5,4.75,1.715,1,TUDA/Tetragonally_distortion_cubic/Be4V4Fe8_#139_314.json
BeFeRh2,0.9647800000000001,3,1.0397207708399179,67.6670967875,4.0,7.0,1961.25,-6.5,5.0,1.99,1,TUDA/Tetragonally_distortion_cubic/Be4Fe4Rh8_#139_105.json
BiCoTl,0.252783,3,1.0986122886681098,157.43119846666664,5.333333333333333,12.333333333333334,963.2333333333333,13.777777777777777,4.333333333333333,1.8399999999999999,1,TUDA/Tetragonally_distortion_cubic/Tl4Co4Bi4_#119_309.json
BiFe12Sn3,1.446,3,0.7029189307735104,77.2034313125,4.3125,9.5625,1486.9962500000001,11.109375,5.5625,1.86625,1,UPP/Fe12Sn3Bi1_#156_12.json
Ce3Fe100Si20Zr7,1.11,4,0.7340815890765018,55.42413615384615,3.9461538461538463,8.592307692307694,1791.8461538461538,-24.257514792899407,5.538461538461538,1.7974615384615387,1,BCM/Zr7Ce3Fe100Si20_#139_7.json
Ce3Fe50Si10Zr2,1.12,4,0.7388621556114527,56.552410769230775,3.9692307692307693,8.569230769230769,1767.3846153846155,-22.104615384615386,5.538461538461539,1.7926153846153847,1,BCM/Zr4Ce6Fe100Si20_#139_8.json
CeCo2Fe9Ti,1.23,4,0.9371558530657009,62.18895298461538,4.153846153846154,7.461538461538462,1757.2307692307693,-5.159763313609468,5.538461538461538,1.7607692307692309,1,BCM/CeFe9Co2Ti_#139_1.json
Co2CrGa,0.753462,3,1.0397207708399179,59.8964122,4.0,9.25,1504.72865,-7.75,4.75,1.8075,1,TUDA/Tetragonally_distortion_cubic/Cr4Ga4Co8_#139_179.json
Co2CrIn,0.694217,3,1.0397207708399179,71.1701622,4.25,9.25,1536.437125,6.5,4.75,1.8,1,TUDA/Tetragonally_distortion_cubic/Cr4In4Co8_#139_199.json
Co2Fe9SmTi,1.1,4,0.9371558530657009,62.97709913846154,4.153846153846154,7.461538461538461,1778.5384615384617,-6.272189349112427,5.461538461538461,1.7646153846153845,1,BCM/SmFe9Co2Ti_#139_5.json
Co2FeGa,1.247355,3,1.0397207708399179,60.8586722,4.0,9.75,1412.47865,-6.5,4.75,1.85,2,
Co2FeGe,1.369815,3,1.0397207708399179,61.5855972,4.0,10.0,1639.6,-15.125,5.0,1.9,2,
Co2FeIn,1.1212,3,1.0397207708399179,72.1324222,4.25,9.75,1444.187125,7.75,4.75,1.8425,2,
Co2FeSi,1.39764,3,1.0397207708399179,50.4491472,3.75,10.0,1758.5,-28.25,5.0,1.8725,1,TUDA/Tetragonally_distortion_cubic/Fe4Co8Si4_#139_49.json
Co2GaHf,0.21184699999999998,3,1.0397207708399179,91.5203722,4.5,8.75,1586.22865,-31.5,4.25,1.7175,1,TUDA/Tetragonally_distortion_cubic/Hf4Ga4Co8_#139_333.json
Co2GaMn,1.02528,3,1.0397207708399179,60.631883275,4.0,9.5,1339.47865,-11.25,5.0,1.78,2,TUDA/Tetragonally_distortion_cubic/Mn4Ga4Co8_#139_97.json
Co2GaNb,0.436365,3,1.0397207708399179,70.1239652,4.25,9.0,1647.22865,-20.0,4.5,1.7925,1,TUDA/Tetragonally_distortion_cubic/Nb4Ga4Co8_#139_267.json
Co2GaTa,0.429677,3,1.0397207708399179,92.13434269999999,4.5,9.0,1782.22865,-20.0,4.5,1.7675,1,TUDA/Tetragonally_distortion_cubic/Ta4Ga4Co8_#139_273.json
Co2GaTi,0.233842,3,1.0397207708399179,58.8641472,4.0,8.75,1444.97865,-25.25,4.25,1.7775,1,TUDA/Tetragonally_distortion_cubic/Ti4Ga4Co8_#139_320.json
Co2GaV,0.488201,3,1.0397207708399179,59.6327497,4.0,9.0,1505.47865,-14.5,4.5,1.8,1,TUDA/Tetragonally_distortion_cubic/V4Ga4Co8_#139_248.json
Co2GeMn,1.228915,3,1.0397207708399179,61.358808275,4.0,9.75,1566.6,-21.125,5.25,1.8299999999999998,2,
Co2GeTi,0.464894,3,1.0397207708399179,59.5910722,4.0,9.0,1672.1,-37.625,4.5,1.8275,1,TUDA/Tetragonally_distortion_cubic/Ti4Co8Ge4_#139_256.json
Co2GeV,0.6710119999999999,3,1.0397207708399179,60.3596747,4.0,9.25,1732.6,-25.625,4.75,1.8499999999999999,1,TUDA/Tetragonally_distortion_cubic/V4Co8Ge4_#139_210.json
Co2Hf,0.323359,2,0.6365141682948129,98.7861296,4.666666666666666,7.333333333333333,2013.9999999999998,-31.11111111111111,4.666666666666666,1.6866666666666665,1,TUDA/Tetragonally_distortion_cubic/Hf8Co16_#141_294.json
Co2HfIn,0.20083099999999998,3,1.0397207708399179,102.7941222,4.75,8.75,1617.937125,-18.5,4.25,1.71,1,TUDA/Tetragonally_distortion_cubic/Hf4In4Co8_#139_341.json
Co2HfSn,0.379177,3,1.0397207708399179,103.76727220000001,4.75,9.0,1636.77,-26.25,4.5,1.755,1,TUDA/Tetragonally_distortion_cubic/Hf4Co8Sn4_#139_284.json
Co2MnSb,1.27708,3,1.0397207708399179,73.641133275,4.25,10.0,1489.695,-4.25,5.5,1.8399999999999999,2,TUDA/Tetragonally_distortion_cubic/Mn4Co8Sb4_#139_66.json
Co2MnSi,1.3030599999999999,3,1.0397207708399179,50.222358275,3.75,9.75,1685.5,-32.75,5.25,1.8025,2,
Co2MnSn,1.09268,3,1.0397207708399179,72.878783275,4.25,9.75,1390.02,-4.25,5.25,1.8175,2,
Co2MnTi,1.155535,3,1.0397207708399179,55.167883274999994,4.0,7.25,1749.0,-18.5,5.25,1.7125,2,
Co2Mo3N,0.314862,3,1.0114042647073518,69.95439813333333,4.166666666666666,8.500000000000002,2047.8583333333333,-58.33333333333333,5.5,2.2133333333333334,1,TUDA/Tetragonally_distortion_cubic/Co8Mo12N4_#92_296.json
Co2NbSn,0.34359,3,1.0397207708399179,82.3708652,4.5,9.25,1697.77,-12.75,4.75,1.83,1,TUDA/Tetragonally_distortion_cubic/Nb4Co8Sn4_#139_289.json
Co2NbZn,0.224327,3,1.0397207708399179,69.0386902,4.25,8.75,1744.67,-15.25,4.25,1.7525,1,TUDA/Tetragonally_distortion_cubic/Nb4Zn4Co8_#139_328.json
Co2Sc,0.505062,2,0.6365141682948129,54.274099099999994,4.0,7.0,1783.3333333333333,-26.666666666666664,4.333333333333333,1.7066666666666666,1,TUDA/Tetragonally_distortion_cubic/Sc8Co16_#141_245.json
Co2ScSn,0.203947,3,1.0397207708399179,70.383249325,4.25,8.75,1463.77,-26.25,4.25,1.77,1,TUDA/Tetragonally_distortion_cubic/Sc4Co8Sn4_#139_340.json
Co2SiTi,0.48330399999999996,3,1.0397207708399179,48.454622199999996,3.75,9.0,1791.0,-49.5,4.5,1.8,1,TUDA/Tetragonally_distortion_cubic/Ti4Co8Si4_#139_250.json
Co2SiV,0.672747,3,1.0397207708399179,49.223224699999996,3.75,9.25,1851.5,-38.0,4.75,1.8225,1,TUDA/Tetragonally_distortion_cubic/V4Co8Si4_#139_208.json
Co2SnTi,0.41225599999999996,3,1.0397207708399179,71.1110472,4.25,9.0,1495.52,-19.25,4.5,1.815,1,TUDA/Tetragonally_distortion_cubic/Ti4Co8Sn4_#139_278.json
Co2SnV,0.636079,3,1.0397207708399179,71.8796497,4.25,9.25,1556.02,-7.25,4.75,1.8375,1,TUDA/Tetragonally_distortion_cubic/V4Co8Sn4_#139_222.json
Co2SnZr,0.37249499999999997,3,1.0397207708399179,81.9503222,4.5,9.0,1542.27,-31.25,4.5,1.7625,1,TUDA/Tetragonally_distortion_cubic/Zr4Co8Sn4_#139_285.json
Co2Ta,0.22830699999999998,2,0.6365141682948129,99.60475693333332,4.666666666666666,7.666666666666667,2275.333333333333,-21.333333333333332,5.0,1.7533333333333332,1,TUDA/Tetragonally_distortion_cubic/Ta8Co16_#141_325.json
Co2TaZn,0.21212199999999998,3,1.0397207708399179,91.0490677,4.5,8.75,1879.67,-15.25,4.25,1.7275,1,TUDA/Tetragonally_distortion_cubic/Ta4Zn4Co8_#139_332.json
Co2Y,0.46491000000000005,2,0.6365141682948129,68.92407693333334,4.333333333333333,7.0,1778.3333333333333,-19.555555555555554,4.333333333333333,1.66,1,TUDA/Tetragonally_distortion_cubic/Y8Co16_#141_257.json
Co3Ta,0.33097499999999996,2,0.5623351446188083,89.43686629999999,4.5,8.0,2148.5,-18.0,5.0,1.785,1,TUDA/Tetragonally_distortion_cubic/Ta1Co3_#123_293.json
Co3Ti,0.659674,2,0.5623351446188083,56.1666708,4.0,7.75,1811.25,-21.0,4.75,1.795,1,TUDA/Tetragonally_distortion_cubic/Ti1Co3_#123_213.json
Co5Ta,0.858,2,0.45056120886630463,79.26897566666666,4.333333333333333,8.333333333333334,2021.6666666666667,-13.333333333333334,5.0,1.8166666666666667,25,ICCRAM_UBU/AGA/Co-Ta/5-1/Co20Ta4_#12_1.json
Co5Ta2,0.35100000000000003,2,0.5982695885852573,93.7945337142857,4.571428571428571,7.857142857142858,2202.8571428571427,-19.591836734693878,5.0,1.7714285714285714,10,ICCRAM_UBU/AGA/Co-Ta/5-2/Co10Ta4_#1_1.json
Co6Ta,0.9955,2,0.41011631828840905,76.36386405714285,4.285714285714286,8.428571428571427,1985.4285714285713,-11.755102040816325,5.0,1.8257142857142854,20,
Co7Ta,1.091,2,0.37677016125643675,74.18503035,4.25,8.5,1958.25,-10.5,5.0,1.8325,24,ICCRAM_UBU/AGA/Co-Ta/7-1/Co14Ta2_#8_1.json
CoCrMn2,1.1942050000000002,3,1.0397207708399179,55.20136075,4.0,7.25,1746.5,-2.5,6.25,1.6600000000000001,2,
CoCrNb,0.7125589999999999,3,1.0986122886681098,67.94524213333332,4.333333333333333,6.666666666666666,2232.6666666666665,-16.0,5.333333333333333,1.7133333333333332,1,TUDA/Tetragonally_distortion_cubic/Nb4Cr4Co4_#119_193.json
CoCu2Sn,0.23002299999999998,3,1.0397207708399179,76.1841236,4.25,11.25,1247.155,6.5,4.25,1.91,1,TUDA/Tetragonally_distortion_cubic/Co4Cu8Sn4_#139_324.json
CoFe10Ta,1.983,3,0.5660857389596289,66.52775636666667,4.166666666666667,7.833333333333334,1930.6666666666667,-5.111111111111112,5.833333333333334,1.8066666666666669,20,ICCRAM_UBU/AGA/Co_Fe_Ta/1-10-1/Co1Fe10Ta1_#2_1.json
CoFe2Ga,1.47597,3,1.0397207708399179,60.0866736,4.0,9.5,1423.22865,-4.25,5.0,1.8375,2,TUDA/Tetragonally_distortion_cubic/Ga4Fe8Co4_#139_43.json
CoFe2Ge,1.3214000000000001,3,1.0397207708399179,60.81359859999999,4.0,9.75,1650.35,-13.625,5.25,1.8875,2,TUDA/Tetragonally_distortion_cubic/Fe8Co4Ge4_#139_57.json
CoFe2Ta,0.905,3,1.0397207708399179,87.8928691,4.5,7.5,2170.0,-14.0,5.5,1.76,35,ICCRAM_UBU/AGA/Co_Fe_Ta/1-2-1/4-8-4/Co8Fe16Ta8_#8_4.json
CoFe4Ta,1.5310000000000001,3,0.8675632284814613,77.21031273333332,4.333333333333333,7.666666666666667,2050.3333333333335,-9.777777777777777,5.666666666666666,1.7833333333333332,29,ICCRAM_UBU/AGA/Co_Fe_Ta/1-4-1/2-8-2/Co4Fe16Ta4_#8_4.json
CoFe6Ta,1.77,3,0.7356219397587946,71.86903455,4.25,7.75,1990.5,-7.5,5.75,1.795,51,ICCRAM_UBU/AGA/Co_Fe_Ta/1-6-1/2-12-2/Co4Fe24Ta4_#63_2.json
CoFe8Ta,1.896,3,0.639031859650177,68.66426764,4.2,7.800000000000001,1954.6000000000001,-6.080000000000001,5.800000000000001,1.802,30,ICCRAM_UBU/AGA/Co_Fe_Ta/1-8-1/1-8-1/Co1Fe8Ta1_#65_1.json
CoGaMn2,1.6683,3,1.0397207708399179,59.63309575,4.0,9.0,1277.22865,-11.75,5.5,1.6975,2,
CoHf,0.211303,2,0.6931471805599453,118.71259719999999,5.0,6.5,2137.0,-35.0,4.5,1.5899999999999999,1,TUDA/Tetragonally_distortion_cubic/Hf1Co1_#123_334.json
CoInMn2,1.5823150000000001,3,1.0397207708399179,70.90684575,4.25,9.0,1308.937125,0.75,5.5,1.69,2,
CoMn2Si,0.7843249999999999,3,1.0397207708399179,49.22357075,3.75,9.25,1623.25,-34.5,5.75,1.72,2,
CoMn2Sn,1.5079799999999999,3,1.0397207708399179,71.87999575,4.25,9.25,1327.77,-6.0,5.75,1.7349999999999999,2,TUDA/Tetragonally_distortion_cubic/Mn8Co4Sn4_#119_39.json
CoMnSb,0.7084094999999999,3,1.0986122886681098,78.54377956666666,4.333333333333333,10.333333333333334,1396.9266666666665,-6.222222222222221,5.666666666666666,1.8266666666666664,2,
CoMnSi,0.6166745,3,1.0986122886681098,47.31874623333333,3.666666666666666,10.0,1657.9999999999998,-39.11111111111111,5.333333333333333,1.7766666666666666,2,
CoNbSn,0.24246399999999999,3,1.0986122886681098,90.18342213333332,4.666666666666666,9.333333333333332,1674.36,-11.555555555555555,4.666666666666667,1.8133333333333335,1,TUDA/Tetragonally_distortion_cubic/Nb4Co4Sn4_#119_313.json
CoPt3,0.5550619999999999,2,0.5623351446188083,161.0469736,5.5,9.75,1973.0500000000002,-5.25,5.75,2.1799999999999997,1,TUDA/Tetragonally_distortion_cubic/Co1Pt3_#123_237.json
CoSbV,0.23566,3,1.0986122886681098,77.21160146666666,4.333333333333333,9.666666666666666,1618.2599999999998,-8.888888888888888,5.0,1.853333333333333,1,TUDA/Tetragonally_distortion_cubic/V4Co4Sb4_#119_316.json
CoSi,0.266324,2,0.6931471805599453,43.5090972,3.5,11.5,1727.5,-38.0,4.5,1.89,1,TUDA/Tetragonally_distortion_cubic/Co1Si1_#123_304.json
CoSn2Ta,0.24878000000000003,3,1.0397207708399179,119.3256191,5.0,10.5,1517.04,-7.5,4.5,1.825,1,TUDA/Tetragonally_distortion_cubic/Ta4Co4Sn8_#119_311.json
CoTi,0.28607000000000005,2,0.6931471805599453,53.4001472,4.0,6.5,1854.5,-28.0,4.5,1.71,1,TUDA/Tetragonally_distortion_cubic/Ti1Co1_#123_301.json
CoTi2,0.274773,2,0.6365141682948129,51.55579813333333,4.0,5.666666666666666,1883.3333333333333,-24.888888888888886,4.333333333333333,1.6533333333333333,1,TUDA/Tetragonally_distortion_cubic/Ti16Co8_#141_303.json
CoZr,0.2267,2,0.6931471805599453,75.0786972,4.5,6.5,1948.0,-41.0,4.5,1.605,1,TUDA/Tetragonally_distortion_cubic/Zr1Co1_#123_326.json
Cr3NPt,0.30253599999999997,3,0.9502705392332346,73.016076,4.0,8.6,1728.91,-71.2,5.8,2.06,1,TUDA/Tetragonally_distortion_cubic/Cr3Pt1N1_#123_297.json
CrGe,0.40171799999999996,2,0.6931471805599453,62.31348,4.0,10.0,1695.7,-18.5,5.0,1.835,1,TUDA/Tetragonally_distortion_cubic/Cr4Ge4_#19_281.json
CrGeRh,0.820813,3,1.0986122886681098,75.84415399999999,4.333333333333333,9.666666666666666,1876.1333333333332,-27.11111111111111,5.333333333333333,1.983333333333333,1,TUDA/Tetragonally_distortion_cubic/Cr4Ge4Rh4_#119_152.json
CrH2,0.5966389999999999,2,0.6365141682948129,18.004053333333335,2.0,2.6666666666666665,735.9933333333333,-24.888888888888886,2.6666666666666665,2.02,1,TUDA/Tetragonally_distortion_cubic/Cr4H8_#139_230.json
CrHgNi2,0.7498659999999999,3,1.0397207708399179,92.49383499999999,4.5,9.5,1467.58025,5.75,4.5,1.8699999999999999,1,TUDA/Tetragonally_distortion_cubic/Cr4Ni8Hg4_#119_181.json
CrMnRe,0.8486735,3,1.0986122886681098,97.7137681,4.666666666666666,6.666666666666666,2386.0,-1.3333333333333333,6.666666666666666,1.7033333333333331,2,
CrN,1.62044,2,0.6931471805599453,33.001580000000004,3.0,10.5,1121.575,-107.0,5.5,2.35,1,TUDA/Tetragonally_distortion_cubic/Cr2N2_#59_29.json
CrNbW,0.236499,3,1.0986122886681098,109.58117733333333,5.0,5.666666666666666,2875.0,-6.222222222222221,5.666666666666666,1.8733333333333333,1,TUDA/Tetragonally_distortion_cubic/Nb4Cr4W4_#119_315.json
CrPd2Sr,0.656791,3,1.0397207708399179,88.11479,4.75,7.0,1721.525,-26.25,4.0,1.7525000000000002,1,TUDA/Tetragonally_distortion_cubic/Sr4Cr4Pd8_#119_216.json
CrPd3,0.5634279999999999,2,0.5623351446188083,92.81479000000002,4.75,9.0,1916.0375,-11.25,4.5,2.065,1,TUDA/Tetragonally_distortion_cubic/Cr1Pd3_#123_235.json
CrPt3,0.5204179999999999,2,0.5623351446188083,159.312715,5.5,9.0,2076.05,-18.0,6.0,2.125,1,TUDA/Tetragonally_distortion_cubic/Cr1Pt3_#123_241.json
CrRh2Sr,0.5412100000000001,3,1.0397207708399179,86.35704100000001,4.75,6.5,1926.0,-5.75,5.0,1.7925,1,TUDA/Tetragonally_distortion_cubic/Sr4Cr4Rh8_#139_238.json
CrRh3,0.289054,2,0.5623351446188083,90.1781665,4.75,8.25,2222.75,-9.75,6.0,2.125,1,TUDA/Tetragonally_distortion_cubic/Cr1Rh3_#123_299.json
CrRu2Si,0.449829,3,1.0397207708399179,70.55629,4.25,9.0,2270.25,-34.25,6.5,1.9900000000000002,1,TUDA/Tetragonally_distortion_cubic/Cr4Si4Ru8_#139_263.json
CrSi,0.23341,2,0.6931471805599453,40.040580000000006,3.5,10.0,1933.5,-37.0,5.0,1.7799999999999998,1,TUDA/Tetragonally_distortion_cubic/Cr4Si4_#19_321.json
Cu2FeSn,0.559192,3,1.0397207708399179,75.412125,4.25,11.0,1257.905,12.75,4.5,1.8975,1,TUDA/Tetragonally_distortion_cubic/Fe4Cu8Sn4_#139_236.json
Cu2InMn,0.734865,3,1.0397207708399179,74.212186075,4.25,10.5,1166.0721250000001,7.75,4.5,1.7825,1,TUDA/Tetragonally_distortion_cubic/Mn4In4Cu8_#139_185.json
Cu2MnSb,0.728644,3,1.0397207708399179,75.94768607500001,4.25,11.0,1284.58,2.75,5.0,1.8499999999999999,1,TUDA/Tetragonally_distortion_cubic/Mn4Cu8Sb4_#139_188.json
Cu2MnSn,0.746521,3,1.0397207708399179,75.18533607500001,4.25,10.75,1184.905,3.75,4.75,1.8275,1,TUDA/Tetragonally_distortion_cubic/Mn4Cu8Sn4_#139_182.json
CuMn3N,1.5061,3,0.9502705392332346,48.47348658,3.6,9.4,1195.584,-68.64,6.0,1.9180000000000001,1,TUDA/Tetragonally_distortion_cubic/Mn3Cu1N1_#123_41.json
CuMnPd2,0.9142159999999999,3,1.0397207708399179,82.831586075,4.5,9.5,1633.2175,-17.5,4.75,1.9625000000000001,1,TUDA/Tetragonally_distortion_cubic/Mn4Cu4Pd8_#139_112.json
CuMnSb,0.9036879999999999,3,1.0986122886681098,80.08148143333332,4.333333333333333,11.0,1260.1833333333332,0.0,5.333333333333333,1.833333333333333,1,TUDA/Tetragonally_distortion_cubic/Mn4Cu4Sb4_#119_117.json
Fe100Si20Sm7Zr3,1.08,4,0.7340815890765018,57.480204615384615,3.976923076923077,8.561538461538461,1774.146153846154,-22.1091124260355,5.484615384615385,1.793692307692308,1,DUK/Sm7Zr3Fe100Si20_#139_0_1.json
Fe10Si2Zr,1.1,3,0.6870920273799715,54.29586153846154,3.9230769230769234,8.615384615384617,1816.3076923076924,-26.46153846153846,5.538461538461538,1.8023076923076924,1,BCM/ZrFe10Si2_#139_6.json
Fe10SmV2,1.186,3,0.6870920273799715,62.36130923076923,4.153846153846154,7.153846153846154,1832.3846153846155,-2.7455621301775146,5.615384615384616,1.7484615384615387,1,UPP/Sm1Fe10V2_#71_17.json
Fe11MoSm,1.15,3,0.5359610497090694,66.20078461538462,4.230769230769231,7.461538461538462,1858.6153846153845,-0.21301775147928992,5.769230769230769,1.8046153846153847,1,BCM/SmFe11Mo_#139_16.json
Fe11Si5,0.9007259999999999,2,0.6210863745552452,47.1701375,3.6875,9.875,1772.25,-30.078125,5.375,1.8518750000000002,1,TUDA/Tetragonally_distortion_cubic/Fe11Si5_#123_118.json
Fe11SmV,1.279,3,0.5359610497090694,62.738516153846156,4.153846153846154,7.384615384615385,1803.7692307692307,-1.680473372781065,5.6923076923076925,1.7638461538461538,2,
Fe12GaSn3,1.451,3,0.7029189307735104,68.49985,4.1875,9.4375,1471.8846625,5.859375,5.4375,1.853125,1,UPP/Fe12Sn3Ga1_#156_3.json
Fe12GeSn3,1.464,3,0.7029189307735104,68.68158125000001,4.1875,9.5,1528.665,2.6953125,5.5,1.865625,1,UPP/Fe12Sn3Ge1_#156_4.json
Fe12InSn3,1.427,3,0.7029189307735104,71.3182875,4.25,9.4375,1479.81178125,9.75,5.4375,1.85125,1,UPP/Fe12Sn3In1_#156_7.json
Fe12PbSn3,1.441,3,0.7029189307735104,77.09278125,4.3125,9.5,1490.4906250000001,11.71875,5.5,1.856875,1,UPP/Fe12Sn3Pb1_#156_11.json
Fe12SbSn3,1.492,3,0.7029189307735104,71.7521625,4.25,9.5625,1509.43875,8.015625,5.5625,1.868125,2,
Fe12SiSn3,1.465,3,0.7029189307735104,65.89746875,4.125,9.5,1558.3899999999999,-0.890625,5.5,1.8587500000000001,1,UPP/Fe12Sn3Si1_#156_1.json
Fe13Ge3,1.67339,2,0.48257756517701206,58.9925,4.0,9.125,1698.575,-9.4453125,5.625,1.86375,1,TUDA/Tetragonally_distortion_cubic/Fe13Ge3_#1_23.json
Fe17Ta3,1.665,2,0.42270908780599087,74.6106023,4.3,7.55,2032.85,-7.65,5.85,1.7805000000000002,6,
Fe23MoSm2,1.23,3,0.431071102348777,64.65825384615384,4.1923076923076925,7.538461538461538,1816.8846153846152,-0.2603550295857988,5.769230769230769,1.791923076923077,1,BCM/Sm10Fe115Mo5_#139_17.json
Fe2GaNi,1.16788,3,1.0397207708399179,60.026735,4.0,9.75,1413.22865,-5.75,4.75,1.845,2,TUDA/Tetragonally_distortion_cubic/Ga4Fe8Ni4_#139_81.json
Fe2GaTi,0.209227,3,1.0397207708399179,57.32015,4.0,8.25,1466.47865,-15.25,4.75,1.7525000000000002,1,TUDA/Tetragonally_distortion_cubic/Ti4Ga4Fe8_#139_336.json
Fe2Ge,1.202,2,0.6365141682948129,61.44039999999999,4.0,10.0,1611.1333333333332,-13.777777777777777,5.333333333333333,1.89,25,ICCRAM_UBU/AGA/Fe_Ge/2-1/Fe12Ge6_#25_1.json
Fe2Hf,0.878485,2,0.6365141682948129,96.72746666666666,4.666666666666666,6.666666666666666,2042.6666666666665,-18.666666666666664,5.333333333333333,1.6533333333333333,1,TUDA/Tetragonally_distortion_cubic/Hf8Fe16_#141_127.json
Fe2MnSi,0.799535,3,1.0397207708399179,48.678361075,3.75,9.25,1707.0,-28.75,5.75,1.7775,1,TUDA/Tetragonally_distortion_cubic/Mn4Fe8Si4_#139_162.json
Fe2N,1.3035,2,0.6365141682948129,41.899133333333324,3.333333333333333,10.333333333333332,1228.3833333333332,-77.33333333333333,5.666666666666667,2.2333333333333334,14,
Fe2Nb,0.9520000000000001,2,0.6365141682948129,68.19892399999999,4.333333333333333,7.0,2124.0,-14.222222222222221,5.666666666666666,1.7533333333333334,19,ICCRAM_UBU/AGA/Fe-Nb/2-1/Fe4Nb2_#123_1.json
Fe2Re3,0.342844,2,0.6730116670092564,134.06234,5.2,7.4,2799.8,0.0,6.6000000000000005,1.872,1,TUDA/Tetragonally_distortion_cubic/Fe8Re12_#92_291.json
Fe2Sb,1.0499999999999998,2,0.6365141682948129,77.81683333333332,4.333333333333333,10.333333333333332,1508.5933333333332,8.88888888888889,5.666666666666666,1.9033333333333333,6,
Fe2Sc,0.8565,2,0.6365141682948129,52.21543616666666,4.0,6.333333333333333,1812.0,-9.777777777777777,5.0,1.6733333333333333,14,
Fe2Si,0.88,2,0.6365141682948129,46.5918,3.6666666666666665,10.0,1769.6666666666665,-31.11111111111111,5.333333333333333,1.8533333333333333,18,
Fe2SiV,0.214334,3,1.0397207708399179,47.679227499999996,3.75,8.75,1873.0,-33.0,5.25,1.7975,1,TUDA/Tetragonally_distortion_cubic/V4Fe8Si4_#139_331.json
Fe2Ta,0.857,2,0.6365141682948129,97.54609399999998,4.666666666666666,7.0,2304.0,-13.333333333333332,5.666666666666667,1.72,5,ICCRAM_UBU/AGA/Fe-Ta/2-1/Fe4Ta2_#164_1.json
Fe2Y,0.785501,2,0.6365141682948129,66.865414,4.333333333333333,6.333333333333333,1807.0,-0.8888888888888888,5.0,1.6266666666666667,1,TUDA/Tetragonally_distortion_cubic/Y8Fe16_#141_169.json
Fe2Zr,0.816944,2,0.6365141682948129,67.6382,4.333333333333333,6.666666666666666,1916.6666666666665,-22.22222222222222,5.333333333333333,1.6633333333333333,1,TUDA/Tetragonally_distortion_cubic/Zr8Fe16_#141_155.json
Fe3Ga,1.5867200000000001,2,0.5623351446188083,59.314675,4.0,9.25,1433.97865,-1.5,5.25,1.8250000000000002,2,
Fe3Ge,1.55349,2,0.5623351446188083,60.041599999999995,4.0,9.5,1661.1,-11.625,5.5,1.875,13,TUDA/Tetragonally_distortion_cubic/Fe3Ge1_#123_36.json
Fe3N,1.7935,2,0.5623351446188083,45.38565,3.5,9.75,1374.0375,-65.25,5.75,2.1325000000000003,16,
Fe3NNi,1.72131,3,0.9502705392332346,48.047208,3.6,9.8,1444.8300000000002,-53.760000000000005,5.4,2.088,3,TUDA/Tetragonally_distortion_cubic/Fe3Ni1N1_#123_16.json
Fe3NPd,1.66139,3,0.9502705392332346,57.59272,3.8,9.8,1464.8400000000001,-53.6,5.4,2.146,1,TUDA/Tetragonally_distortion_cubic/Fe3Pd1N1_#123_26.json
Fe3NPt,1.478265,3,0.9502705392332346,75.3255,4.0,9.8,1507.51,-56.32,5.8,2.162,2,
Fe3NRh,1.79284,3,0.9502705392332346,56.8896204,3.8,9.6,1546.63,-54.24,5.8,2.162,1,TUDA/Tetragonally_distortion_cubic/Fe3Rh1N1_#123_12.json
Fe3Nb,1.259,2,0.5623351446188083,65.110493,4.25,7.25,2045.75,-12.0,5.75,1.7725,11,ICCRAM_UBU/AGA/Fe-Nb/3-1/Fe3Nb1_#123_2.json
Fe3Pd,1.90583,2,0.5623351446188083,68.48915,4.25,8.5,1815.2625,-3.0,5.5,1.9225,1,TUDA/Tetragonally_distortion_cubic/Fe3Pd1_#123_5.json
Fe3Pt,1.88632,2,0.5623351446188083,90.655125,4.5,8.5,1868.6,-9.75,6.0,1.9425,1,TUDA/Tetragonally_distortion_cubic/Fe3Pt1_#123_6.json
Fe3Sb,1.4275,2,0.5623351446188083,72.323925,4.25,9.75,1584.195,7.5,5.75,1.885,18,
Fe3Sc,1.305,2,0.5623351446188083,53.122877125,4.0,6.75,1811.75,-8.25,5.25,1.7125000000000001,21,ICCRAM_UBU/AGA/Fe-Sc/3-1/Fe12Sc4_#12_4.json
Fe3Sc2,0.648,2,0.6730116670092564,51.4894834,4.0,6.0,1812.2,-10.559999999999999,4.8,1.6420000000000001,7,ICCRAM_UBU/AGA/Fe-Sc/3-2/Fe12Sc8_#64_1.json
Fe3Si,1.3755000000000002,2,0.5623351446188083,48.90515,3.75,9.5,1780.0,-26.25,5.5,1.8475000000000001,20,
Fe3Sn,1.3845,2,0.5623351446188083,71.561575,4.25,9.5,1484.52,8.25,5.5,1.8625,4,
Fe3Ta,1.173,2,0.5623351446188083,87.1208705,4.5,7.25,2180.75,-11.25,5.75,1.7475,31,ICCRAM_UBU/AGA/Fe-Ta/3-1/18-6/Fe18Ta6_#8_1.json
Fe3Ta2,0.681,2,0.6730116670092564,105.8862728,4.8,6.8,2402.6,-14.399999999999999,5.6,1.6980000000000002,5,ICCRAM_UBU/AGA/Fe-Ta/3-2/Fe6Ta4_#83_1.json
Fe3Ta4,0.40800000000000003,2,0.6829081047004717,127.33244685714284,5.142857142857142,6.285714285714286,2656.142857142857,-14.693877551020407,5.428571428571428,1.6414285714285715,3,ICCRAM_UBU/AGA/Fe-Ta/3-4/Fe6Ta8_#1_1.json
Fe3V,1.2237200000000001,2,0.5623351446188083,54.619277499999995,4.0,7.25,1904.0,-5.25,5.75,1.78,1,TUDA/Tetragonally_distortion_cubic/V4Fe12_#139_78.json
Fe4Ge,1.749,2,0.5004024235381879,59.20232,4.0,9.200000000000001,1691.0800000000002,-9.920000000000002,5.6000000000000005,1.866,21,ICCRAM_UBU/AGA/Fe_Ge/4-1/Fe8Ge2_#12_1.json
Fe4N,1.936,2,0.5004024235381879,47.477560000000004,3.6,9.4,1461.4300000000003,-55.680000000000014,5.800000000000001,2.072,26,
Fe4Nb,1.5290000000000001,2,0.5004024235381879,63.2574344,4.2,7.4,1998.8000000000002,-10.240000000000002,5.800000000000001,1.7840000000000003,4,
Fe4Sc,1.3719999999999999,2,0.5004024235381879,53.6673417,4.0,7.0,1811.6000000000001,-7.040000000000001,5.4,1.7360000000000002,19,ICCRAM_UBU/AGA/Fe-Sc/4-1/Fe8Sc2_#139_1.json
Fe4Si,1.585,2,0.5004024235381879,50.29316,3.8000000000000003,9.200000000000001,1786.2,-22.400000000000006,5.6000000000000005,1.844,25,ICCRAM_UBU/AGA/Fe-Si/4-1/Fe16Si4_#63_1.json
Fe4Ta,1.4344999999999999,2,0.5004024235381879,80.8657364,4.4,7.4,2106.8,-9.600000000000001,5.800000000000001,1.7640000000000002,30,
Fe50Nd2Si10Zr3,1.24,4,0.7388621556114527,55.92718769230769,3.953846153846154,8.584615384615386,1790.7384615384617,-23.73491124260355,5.507692307692308,1.7964615384615386,1,BCM/Zr6Nd4Fe100Si20_#139_11.json
Fe50Nd3Si10Zr2,1.2,4,0.7388621556114527,56.74285076923078,3.9692307692307693,8.569230769230769,1777.9538461538461,-22.400000000000002,5.492307692307693,1.7935384615384615,1,BCM/Zr4Nd6Fe100Si20_#139_9.json
Fe5Ge,1.832,2,0.45056120886630463,58.6428,4.0,9.0,1711.0666666666668,-8.61111111111111,5.666666666666667,1.86,16,
Fe5Ge3,1.0655000000000001,2,0.661563238157982,62.139799999999994,4.0,10.25,1586.15,-14.53125,5.25,1.8975,20,
Fe5N,2.046,2,0.45056120886630463,48.872166666666665,3.666666666666667,9.166666666666666,1519.6916666666668,-48.333333333333336,5.833333333333333,2.0316666666666667,35,ICCRAM_UBU/AGA/Fe-N/5-1/10-2/Fe10N2_#1_4.json
Fe5Nb,1.601,2,0.45056120886630463,62.022062,4.166666666666667,7.5,1967.5,-8.88888888888889,5.833333333333334,1.7916666666666667,7,ICCRAM_UBU/AGA/Fe-Nb/5-1/Fe10Nb2_#65_2.json
Fe5Sb,1.7429999999999999,2,0.45056120886630463,66.83101666666667,4.166666666666667,9.166666666666668,1659.7966666666666,5.555555555555555,5.833333333333334,1.8666666666666667,7,ICCRAM_UBU/AGA/Fe-Sb/5-1/Fe10Sb2_#65_3.json
Fe5Sc,1.6320000000000001,2,0.45056120886630463,54.030318083333334,4.0,7.166666666666667,1811.5,-6.111111111111112,5.5,1.7516666666666667,10,
Fe5Si,1.7730000000000001,2,0.45056120886630463,51.2185,3.8333333333333335,9.0,1790.3333333333333,-19.444444444444446,5.666666666666667,1.8416666666666668,7,ICCRAM_UBU/AGA/Fe-Si/5-1/Fe10Si2_#65_1.json
Fe5Ta,1.591,2,0.45056120886630463,76.695647,4.333333333333333,7.5,2057.5,-8.333333333333334,5.833333333333333,1.7750000000000001,17,ICCRAM_UBU/AGA/Fe-Ta/5-1/10-2/Fe10Ta2_#11_1.json
Fe5Ta2,1.022,2,0.5982695885852573,91.58882342857143,4.571428571428571,7.142857142857143,2233.5714285714284,-12.244897959183675,5.714285714285714,1.7357142857142858,15,ICCRAM_UBU/AGA/Fe-Ta/5-2/Fe10Ta4_#186_1.json
Fe6Ge,1.907,2,0.41011631828840905,58.24314285714285,4.0,8.857142857142858,1725.3428571428572,-7.591836734693876,5.7142857142857135,1.8557142857142856,16,ICCRAM_UBU/AGA/Fe_Ge/6-1/Fe12Ge2_#2_3.json
Fe6Mn6SbSn3,1.2570000000000001,4,1.2227793161934692,71.4119791125,4.25,9.1875,1399.93875,0.984375,5.9375,1.763125,1,UPP/Fe6Mn6Sn3Sb1_#1_14.json
Fe6N,2.13,2,0.41011631828840905,49.86831428571428,3.714285714285714,9.0,1561.3071428571427,-42.61224489795918,5.857142857142857,2.0028571428571427,12,
Fe6Nb,1.72,2,0.41011631828840905,61.13965314285714,4.142857142857142,7.571428571428571,1945.142857142857,-7.83673469387755,5.857142857142857,1.7971428571428572,7,ICCRAM_UBU/AGA/Fe-Nb/6-1/Fe12Nb2_#12_1.json
Fe6Sb,1.784,2,0.41011631828840905,65.26161428571427,4.142857142857142,9.0,1681.3971428571429,4.897959183673469,5.857142857142857,1.8614285714285714,8,
Fe6SbSn,1.4849999999999999,3,0.7356219397587946,71.94275,4.25,9.625,1534.3575,7.8125,5.625,1.87375,1,UPP/Fe12Sn2Sb2_#156_15.json
Fe6Sc,1.693,2,0.41011631828840905,54.289586928571424,4.0,7.285714285714286,1811.4285714285713,-5.387755102040815,5.571428571428571,1.762857142857143,11,ICCRAM_UBU/AGA/Fe-Sc/6-1/Fe6Sc1_#183_1.json
Fe6Si,1.922,2,0.41011631828840905,51.87945714285714,3.8571428571428568,8.857142857142858,1793.2857142857142,-17.14285714285714,5.7142857142857135,1.8399999999999999,8,
Fe6Ta,1.7069999999999999,2,0.41011631828840905,73.7170117142857,4.285714285714286,7.571428571428571,2022.2857142857142,-7.346938775510203,5.857142857142857,1.7828571428571427,22,ICCRAM_UBU/AGA/Fe-Ta/6-1/12-2/Fe24Ta4_#12_6.json
Fe7Ta,1.782,2,0.37677016125643675,71.48303525,4.25,7.625,1995.875,-6.5625,5.875,1.78875,20,ICCRAM_UBU/AGA/Fe-Ta/7-1/14-2/Fe14Ta2_#11_3.json
Fe7Ta2,1.3900000000000001,2,0.5297061990576545,83.64579599999999,4.444444444444445,7.333333333333333,2139.6666666666665,-10.37037037037037,5.777777777777778,1.7566666666666666,6,ICCRAM_UBU/AGA/Fe-Ta/7-2/Fe14Ta4_#1_3.json
Fe8Mn4SbSn3,1.3639999999999999,4,1.18030455699462,71.525373575,4.25,9.3125,1436.43875,3.328125,5.8125,1.798125,1,UPP/Fe8Mn4Sn3Sb1_#1_13.json
Fe8N,2.204,2,0.34883209584303193,51.19651111111111,3.7777777777777777,8.777777777777777,1616.7944444444443,-34.37037037037037,5.888888888888888,1.9644444444444444,25,ICCRAM_UBU/AGA/Fe-N/8-1/Fe8N1_#10_1.json
Fe8NNi8,1.572,3,0.8760918930634294,54.724477647058826,3.8823529411764706,9.352941176470589,1669.1264705882352,-19.044982698961938,5.0,1.9388235294117646,1,TUDA/FeNiN/Fe8Ni8N1_#123_1.json
Fe8Ta,1.8445,2,0.34883209584303193,69.745498,4.222222222222222,7.666666666666666,1975.333333333333,-5.925925925925926,5.888888888888888,1.7933333333333334,8,
FeGaRh2,0.890091,3,1.0397207708399179,82.844826,4.5,9.75,1646.97865,-15.5,5.25,2.05,1,TUDA/Tetragonally_distortion_cubic/Ga4Fe4Rh8_#139_124.json
FeGe,0.633,2,0.6931471805599453,64.238,4.0,11.0,1511.2,-15.5,5.0,1.92,22,
FeGeRu2,0.8658579999999999,3,1.0397207708399179,82.655,4.5,9.5,2059.1,-15.625,6.5,2.06,1,TUDA/Tetragonally_distortion_cubic/Fe4Ge4Ru8_#139_132.json
FeKTc2,0.446337,3,1.0397207708399179,72.7358775,4.5,5.75,1751.925,51.25,5.25,1.6125,1,TUDA/Tetragonally_distortion_cubic/K4Fe4Tc8_#119_266.json
FeLiRh2,0.831384,3,1.0397207708399179,67.149051,4.0,6.75,1684.6625,-3.0,4.75,1.8424999999999998,1,TUDA/Tetragonally_distortion_cubic/Li4Fe4Rh8_#139_149.json
FeMg2Nb,0.420214,3,1.0397207708399179,49.340393,3.75,4.25,1601.75,21.0,3.75,1.5125000000000002,1,TUDA/Tetragonally_distortion_cubic/Mg8Nb4Fe4_#139_275.json
FeMgRh2,0.860356,3,1.0397207708399179,71.490301,4.25,7.0,1802.0,-6.5,5.0,1.9249999999999998,1,TUDA/Tetragonally_distortion_cubic/Mg4Fe4Rh8_#139_137.json
FeNi,1.5,2,0.6931471805599453,57.26932,4.0,9.0,1769.5,-2.0,5.0,1.87,4,DUK/Fe1Ni1_#123_0_1.json
FeNi3,1.24865,2,0.5623351446188083,57.98138,4.0,9.5,1748.75,-1.5,4.5,1.89,1,TUDA/Tetragonally_distortion_cubic/Fe1Ni3_#123_72.json
FeOsTa2,0.30058,3,1.0397207708399179,151.993491,5.5,6.5,2924.25,-27.5,6.0,1.7575,1,TUDA/Tetragonally_distortion_cubic/Ta8Fe4Os4_#139_298.json
FePbW2,0.346371,3,1.0397207708399179,157.6843,5.5,8.5,2450.4025,31.75,5.5,2.105,1,TUDA/Tetragonally_distortion_cubic/Fe4Pb4W8_#119_288.json
FePbZn,0.5341159999999999,3,1.0986122886681098,109.47906666666667,4.666666666666666,11.333333333333332,1034.7633333333333,16.888888888888886,4.0,1.7833333333333332,1,TUDA/Tetragonally_distortion_cubic/Zn4Fe4Pb4_#119_240.json
FePd3,0.839541,2,0.5623351446188083,93.77705,4.75,9.5,1823.7875,-3.0,4.5,2.1075,1,TUDA/Tetragonally_distortion_cubic/Fe1Pd3_#123_144.json
FePt3,0.851884,2,0.5623351446188083,160.274975,5.5,9.5,1983.8000000000002,-9.75,6.0,2.1675,1,TUDA/Tetragonally_distortion_cubic/Fe1Pt3_#123_141.json
FePtSb,0.597483,3,1.0986122886681098,124.23006666666666,5.0,11.0,1585.3933333333332,-8.88888888888889,5.666666666666666,2.0533333333333332,1,TUDA/Tetragonally_distortion_cubic/Fe4Sb4Pt4_#1_229.json
FeRh,1.78817,2,0.6931471805599453,79.375351,4.5,8.5,2024.0,-5.0,6.0,2.0549999999999997,1,TUDA/Tetragonally_distortion_cubic/Fe1Rh1_#123_13.json
FeRu2Si,0.874558,3,1.0397207708399179,71.51855,4.25,9.5,2178.0,-30.25,6.5,2.0325,1,TUDA/Tetragonally_distortion_cubic/Fe4Si4Ru8_#139_128.json
FeRu2Sn,0.820936,3,1.0397207708399179,94.17497499999999,4.75,9.5,1882.52,2.25,6.5,2.0475000000000003,1,TUDA/Tetragonally_distortion_cubic/Fe4Sn4Ru8_#69_153.json
FeRu2Ta,0.89939,3,1.0397207708399179,109.7342705,5.0,7.25,2578.75,-25.75,6.75,1.9325,1,TUDA/Tetragonally_distortion_cubic/Ta4Fe4Ru8_#139_119.json
FeSbTi,0.205459,3,1.0986122886681098,75.15746666666665,4.333333333333333,9.0,1551.9266666666665,-17.77777777777778,5.0,1.8066666666666666,1,TUDA/Tetragonally_distortion_cubic/Ti4Fe4Sb4_#119_338.json
FeSbZr,0.19711499999999998,3,1.0986122886681098,89.60983333333333,4.666666666666666,9.0,1614.26,-33.33333333333333,5.0,1.7366666666666666,1,TUDA/Tetragonally_distortion_cubic/Zr4Fe4Sb4_#119_342.json
FeSi,0.4175,2,0.6931471805599453,41.9651,3.5,11.0,1749.0,-35.0,5.0,1.865,6,
FeSiTc2,0.534826,3,1.0397207708399179,69.98255,4.25,9.0,2089.5,-29.25,6.0,1.8824999999999998,1,TUDA/Tetragonally_distortion_cubic/Fe4Si4Tc8_#139_239.json
FeSnTi,0.25848899999999997,3,1.0986122886681098,74.14099999999999,4.333333333333333,8.666666666666666,1419.0266666666666,-12.0,4.666666666666666,1.7766666666666668,1,TUDA/Tetragonally_distortion_cubic/Ti4Fe4Sn4_#119_306.json
FeV,0.39234199999999997,2,0.6931471805599453,53.393355,4.0,6.5,1997.0,-7.0,5.5,1.73,1,TUDA/Tetragonally_distortion_cubic/V1Fe1_#123_282.json
Ga2MnTc,0.645475,3,1.0397207708399179,73.096061075,4.25,10.0,1138.7073,-13.5,5.0,1.7674999999999998,1,TUDA/Tetragonally_distortion_cubic/Mn4Ga8Tc4_#139_220.json
GaMn2Ti,0.185129,3,1.0397207708399179,56.866572149999996,4.0,7.75,1320.47865,-16.25,5.25,1.6125,1,TUDA/Tetragonally_distortion_cubic/Ti1Mn2Ga1_#1_349.json
GaMn2V,0.46085000000000004,3,1.0397207708399179,57.635174649999996,4.0,8.0,1380.97865,-9.0,5.5,1.635,1,TUDA/Tetragonally_distortion_cubic/Mn8V4Ga4_#139_259.json
GaMn3N,0.6708379999999999,3,0.9502705392332346,49.70884658,3.6,9.8,984.6129199999999,-78.56,5.8,1.9000000000000001,1,TUDA/Tetragonally_distortion_cubic/Mn6Ga2N2_#38_209.json
GaMnPt,0.782473,3,1.0986122886681098,106.58201476666666,4.666666666666666,10.0,1287.7715333333333,-35.111111111111114,5.333333333333333,1.8799999999999997,1,TUDA/Tetragonally_distortion_cubic/Mn4Ga4Pt4_#119_172.json
GaMnPt2,0.804819,3,1.0397207708399179,128.707736075,5.0,10.0,1476.17865,-36.25,5.5,1.98,1,TUDA/Tetragonally_distortion_cubic/Mn4Ga4Pt8_#139_161.json
GaMnRh2,0.864583,3,1.0397207708399179,82.618037075,4.5,9.5,1573.97865,-23.75,5.5,1.9799999999999998,1,TUDA/Tetragonally_distortion_cubic/Mn4Ga4Rh8_#139_133.json
GaNi3,0.19622799999999999,2,0.5623351446188083,61.450855000000004,4.0,10.75,1371.72865,-11.25,3.75,1.885,1,TUDA/Tetragonally_distortion_cubic/Ga1Ni3_#123_343.json
GaNiRh2,0.384393,3,1.0397207708399179,83.556886,4.5,10.25,1626.22865,-16.75,4.75,2.07,1,TUDA/Tetragonally_distortion_cubic/Ga4Ni4Rh8_#139_283.json
GeMn2Ti,0.451783,3,1.0397207708399179,57.59349715,4.0,8.0,1547.6,-32.625,5.5,1.6624999999999999,1,TUDA/Tetragonally_distortion_cubic/Ti1Mn2Ge1_#2_262.json
GeMn2V,0.232017,3,1.0397207708399179,58.36209965,4.0,8.25,1608.1,-24.125,5.75,1.6849999999999998,1,TUDA/Tetragonally_distortion_cubic/Mn4V2Ge2_#71_322.json
GeMn3,1.28978,2,0.5623351446188083,59.361233225,4.0,8.75,1442.1,-23.625,6.25,1.665,1,TUDA/Tetragonally_distortion_cubic/Mn3Ge1_#123_64.json
GeMnNi2,0.9333849999999999,3,1.0397207708399179,61.238931074999996,4.0,10.25,1546.6,-23.625,4.75,1.845,2,TUDA/Tetragonally_distortion_cubic/Mn4Ni8Ge4_#139_109.json
GeMnPd2,0.807605,3,1.0397207708399179,85.102711075,4.5,10.25,1596.625,-41.125,4.75,1.99,1,TUDA/Tetragonally_distortion_cubic/Mn4Ge4Pd8_#139_158.json
GeMnRh2,0.956932,3,1.0397207708399179,83.344962075,4.5,9.75,1801.1,-30.625,5.75,2.03,1,TUDA/Tetragonally_distortion_cubic/Mn4Ge4Rh8_#139_107.json
GeMnRu2,0.653126,3,1.0397207708399179,82.42821107500001,4.5,9.25,1986.1,-22.625,6.75,1.99,1,TUDA/Tetragonally_distortion_cubic/Mn4Ge4Ru8_#139_217.json
HfMnRh2,0.85584,3,1.0397207708399179,109.810262075,5.0,7.25,2124.75,-42.5,5.75,1.8524999999999998,1,TUDA/Tetragonally_distortion_cubic/Hf4Mn4Rh8_#139_138.json
HfMnTl,0.579612,3,1.0986122886681098,145.93668143333332,5.333333333333333,7.999999999999999,1534.0,-5.333333333333333,4.666666666666666,1.49,1,TUDA/Tetragonally_distortion_cubic/Hf4Mn4Tl4_#119_233.json
In2MnW,0.19402000000000003,3,1.0397207708399179,117.10381107500001,5.0,9.75,1518.3742499999998,22.0,4.75,1.8675000000000002,1,TUDA/Tetragonally_distortion_cubic/Mn1In2W1_#1_345.json
InMnNi2,0.8968529999999999,3,1.0397207708399179,71.785756075,4.25,10.0,1351.187125,-2.25,4.5,1.7874999999999999,2,
InMnPd2,0.7430359999999999,3,1.0397207708399179,95.649536075,4.75,10.0,1401.212125,-26.25,4.5,1.9325,1,TUDA/Tetragonally_distortion_cubic/Mn4In4Pd8_#139_183.json
InMnRh2,0.813209,3,1.0397207708399179,93.891787075,4.75,9.5,1605.687125,-11.25,5.5,1.9725,1,TUDA/Tetragonally_distortion_cubic/Mn4In4Rh8_#139_157.json
KMnRu,0.6527339999999999,3,1.0986122886681098,65.0361181,4.333333333333333,5.333333333333333,1487.5666666666666,51.11111111111111,5.333333333333333,1.5233333333333332,1,TUDA/Tetragonally_distortion_cubic/K4Mn4Ru4_#119_218.json
LiMnPd2,0.921354,3,1.0397207708399179,68.68001107500001,4.0,7.0,1407.1875,-26.75,4.0,1.7325000000000002,1,TUDA/Tetragonally_distortion_cubic/Li4Mn4Pd8_#139_111.json
LiMnPt2,0.871352,3,1.0397207708399179,113.011961075,4.5,7.0,1513.8625000000002,-25.75,5.0,1.7725,1,TUDA/Tetragonally_distortion_cubic/Li4Mn4Pt8_#139_129.json
Mn2PtRh,1.7816,3,1.0397207708399179,101.96662265,4.75,8.25,1829.1,-22.5,6.5,1.915,1,TUDA/Tetragonally_distortion_cubic/Mn8Pt4Rh4_#139_14.json
Mn2SiSr,1.15995,3,1.0397207708399179,56.39552215,4.0,7.5,1443.75,-21.25,5.0,1.4874999999999998,1,TUDA/Tetragonally_distortion_cubic/Sr4Mn8Si4_#119_83.json
Mn2SiTi,0.474611,3,1.0397207708399179,46.45704715,3.75,8.0,1666.5,-43.0,5.5,1.635,1,TUDA/Tetragonally_distortion_cubic/Ti4Mn8Si4_#139_253.json
Mn2SiV,0.243187,3,1.0397207708399179,47.22564965,3.75,8.25,1727.0,-35.0,5.75,1.6575,1,TUDA/Tetragonally_distortion_cubic/Mn8V4Si4_#139_312.json
Mn2Zr,0.4088,2,0.6365141682948129,67.03342953333333,4.333333333333333,6.0,1721.9999999999998,-13.333333333333332,6.0,1.4766666666666666,1,TUDA/Tetragonally_distortion_cubic/Zr8Mn16_#141_279.json
Mn3NNi,1.8202800000000001,3,0.9502705392332346,47.50291458,3.6,9.200000000000001,1269.63,-72.0,6.0,1.9200000000000002,2,
Mn3NPd,1.8154500000000002,3,0.9502705392332346,57.048426580000005,3.8,9.200000000000001,1289.64,-78.08,6.0,1.9780000000000002,1,TUDA/Tetragonally_distortion_cubic/Mn3Pd1N1_#123_10.json
Mn3NPt,1.8321,3,0.9502705392332346,74.78120658,4.0,9.200000000000001,1332.3100000000002,-78.88000000000001,6.4,1.994,1,TUDA/Tetragonally_distortion_cubic/Mn3Pt1N1_#123_7.json
Mn3NRh,1.5311,3,0.9502705392332346,56.34532698,3.8,9.0,1371.43,-74.88,6.4,1.994,1,TUDA/Tetragonally_distortion_cubic/Mn3Rh1N1_#123_37.json
Mn3NSn,0.6466259999999999,3,0.9502705392332346,59.506366580000005,3.8,10.0,1025.046,-74.88,6.0,1.9300000000000002,1,TUDA/Tetragonally_distortion_cubic/Mn3Sn1N1_#123_219.json
Mn3NZn,0.943896,3,0.9502705392332346,48.84062658,3.6,9.600000000000001,1062.566,-74.08,5.6,1.868,1,TUDA/Tetragonally_distortion_cubic/Mn3Zn1N1_#123_108.json
Mn3Ni2Si,1.708575,3,1.0114042647073518,51.71433548333333,3.833333333333333,9.166666666666666,1616.6666666666665,-29.22222222222222,5.5,1.7283333333333333,2,
Mn3Pt,2.14406,2,0.5623351446188083,89.974758225,4.5,7.75,1649.6,-21.0,6.75,1.7325,1,TUDA/Tetragonally_distortion_cubic/Mn3Pt1_#123_1.json
Mn3Rh,0.45933599999999997,2,0.5623351446188083,66.929908725,4.25,7.5,1698.5,-12.0,6.75,1.7325,1,TUDA/Tetragonally_distortion_cubic/Mn3Rh1_#123_260.json
Mn3Sb,1.283,2,0.5623351446188083,71.64355822499999,4.25,9.0,1365.195,-8.25,6.5,1.675,1,TUDA/Tetragonally_distortion_cubic/Mn3Sb1_#123_65.json
Mn4N,1.11893,2,0.5004024235381879,46.75183544000001,3.6,8.600000000000001,1227.8300000000002,-76.16000000000001,6.6000000000000005,1.8480000000000003,1,TUDA/Tetragonally_distortion_cubic/Mn4N1_#47_88.json
MnN,2.00078,2,0.6931471805599453,34.47252215,3.0,11.0,791.075,-119.0,6.0,2.295,1,TUDA/Tetragonally_distortion_cubic/Mn4N4_#139_4.json
MnNbRu2,0.792589,3,1.0397207708399179,87.49710407500001,4.75,7.0,2370.75,-27.0,7.0,1.8875,1,TUDA/Tetragonally_distortion_cubic/Mn4Nb4Ru8_#139_164.json
MnNi,2.04965,2,0.6931471805599453,56.815742150000005,4.0,8.5,1623.5,-8.0,5.5,1.73,1,TUDA/Tetragonally_distortion_cubic/Mn1Ni1_#123_3.json
MnNi2Sb,0.8377964999999999,3,1.0397207708399179,73.521256075,4.25,10.5,1469.695,-7.25,5.0,1.8549999999999998,2,
MnNi2Sn,0.8615065,3,1.0397207708399179,72.758906075,4.25,10.25,1370.02,-7.75,4.75,1.8324999999999998,2,
MnNi3,1.26257,2,0.5623351446188083,57.754591075,4.0,9.25,1675.75,-6.0,4.75,1.8199999999999998,1,TUDA/Tetragonally_distortion_cubic/Mn1Ni3_#123_69.json
MnNiSb,0.8154870000000001,3,1.0986122886681098,78.46386143333334,4.333333333333333,10.666666666666668,1383.5933333333332,-8.88888888888889,5.333333333333333,1.8366666666666664,4,
MnNiV,0.424236,3,1.0986122886681098,54.857664766666666,4.0,7.333333333333333,1809.9999999999998,-12.0,5.333333333333333,1.6966666666666665,1,TUDA/Tetragonally_distortion_cubic/Mn4V4Ni4_#119_276.json
MnOsTc,0.580938,3,1.0986122886681098,114.3903481,5.0,7.333333333333332,2418.333333333333,-7.555555555555555,7.333333333333332,1.8833333333333333,1,TUDA/Tetragonally_distortion_cubic/Mn4Tc4Os4_#119_232.json
MnPd,1.68706,2,0.6931471805599453,80.67952215,4.5,8.5,1673.525,-23.0,5.5,1.875,1,TUDA/Tetragonally_distortion_cubic/Mn1Pd1_#123_22.json
MnPd2Sb,0.735472,3,1.0397207708399179,97.385036075,4.75,10.5,1519.72,-28.25,5.0,2.0,1,TUDA/Tetragonally_distortion_cubic/Mn4Sb4Pd8_#139_184.json
MnPd2Sn,0.730328,3,1.0397207708399179,96.622686075,4.75,10.25,1420.045,-30.25,4.75,1.9775,1,TUDA/Tetragonally_distortion_cubic/Mn4Sn4Pd8_#139_187.json
MnPdSb,0.676276,3,1.0986122886681098,94.3730481,4.666666666666666,10.666666666666666,1416.9433333333332,-27.555555555555554,5.333333333333333,1.9333333333333331,1,TUDA/Tetragonally_distortion_cubic/Mn4Sb4Pd4_#119_207.json
MnPdTc,0.33525099999999997,3,1.0986122886681098,86.45301476666667,4.666666666666666,7.999999999999999,1925.6833333333332,-12.0,5.999999999999999,1.8833333333333333,1,TUDA/Tetragonally_distortion_cubic/Mn4Tc4Pd4_#119_292.json
MnPt3,0.806415,2,0.5623351446188083,160.048186075,5.5,9.25,1910.8000000000002,-21.0,6.25,2.0974999999999997,1,TUDA/Tetragonally_distortion_cubic/Mn1Pt3_#123_159.json
MnPtSb,0.771404,3,1.0986122886681098,123.92768143333332,5.0,10.666666666666666,1488.06,-24.888888888888886,5.999999999999999,1.9599999999999997,3,TUDA/Tetragonally_distortion_cubic/Mn4Sb4Pt4_#119_176.json
MnPtSn,0.7054324999999999,3,1.0986122886681098,122.91121476666666,5.0,10.333333333333332,1355.1599999999999,-26.666666666666664,5.666666666666666,1.9299999999999997,2,
MnRe2Sr,0.43304899999999996,3,1.0397207708399179,128.743311075,5.25,5.75,2371.75,25.75,5.75,1.575,1,TUDA/Tetragonally_distortion_cubic/Sr4Mn4Re8_#119_270.json
MnRh,1.6961400000000002,2,0.6931471805599453,78.92177315,4.5,8.0,1878.0,-16.0,6.5,1.915,1,TUDA/Tetragonally_distortion_cubic/Mn1Rh1_#123_21.json
MnRh2Sc,0.815048,3,1.0397207708399179,76.4262392,4.5,7.0,1951.75,-40.5,5.5,1.8675,1,TUDA/Tetragonally_distortion_cubic/Sc3Mn3Rh6_#2_156.json
MnRh2Si,1.0014,3,1.0397207708399179,72.208512075,4.25,9.75,1920.0,-42.25,5.75,2.0025,1,TUDA/Tetragonally_distortion_cubic/Mn4Si4Rh8_#139_101.json
MnRh2Sn,0.870115,3,1.0397207708399179,94.864937075,4.75,9.75,1624.52,-16.25,5.75,2.0175,1,TUDA/Tetragonally_distortion_cubic/Mn4Sn4Rh8_#139_130.json
MnRh2Ti,0.961189,3,1.0397207708399179,77.154037075,4.5,7.25,1983.5,-36.0,5.75,1.9124999999999999,1,TUDA/Tetragonally_distortion_cubic/Ti4Mn4Rh8_#139_106.json
MnRh2Zn,0.716845,3,1.0397207708399179,81.532762075,4.5,9.25,1671.42,-18.0,5.25,1.9399999999999997,1,TUDA/Tetragonally_distortion_cubic/Mn4Zn4Rh8_#139_191.json
MnRhSb,0.6873779999999999,3,1.0986122886681098,93.20121543333333,4.666666666666666,10.333333333333334,1553.2599999999998,-15.555555555555554,6.0,1.9599999999999997,3,TUDA/Tetragonally_distortion_cubic/Mn4Sb4Rh4_#119_201.json
MnRu2Sb,0.7721359999999999,3,1.0397207708399179,94.710536075,4.75,9.5,1909.195,-3.75,7.0,2.0,1,TUDA/Tetragonally_distortion_cubic/Mn4Sb4Ru8_#139_175.json
MnRu2Si,0.677227,3,1.0397207708399179,71.29176107500001,4.25,9.25,2105.0,-35.75,6.75,1.9625000000000001,1,TUDA/Tetragonally_distortion_cubic/Mn4Si4Ru8_#139_206.json
MnRu2Sn,0.591746,3,1.0397207708399179,93.948186075,4.75,9.25,1809.52,-5.25,6.75,1.9775,1,TUDA/Tetragonally_distortion_cubic/Mn4Sn4Ru8_#139_231.json
MnRu2Ta,0.7912159999999999,3,1.0397207708399179,109.507481575,5.0,7.0,2505.75,-26.0,7.0,1.8625,1,TUDA/Tetragonally_distortion_cubic/Ta4Mn4Ru8_#139_165.json
MnSi,0.49747,2,0.6931471805599453,41.511522150000005,3.5,10.5,1603.0,-45.0,5.5,1.725,1,TUDA/Tetragonally_distortion_cubic/Mn4Si4_#19_247.json
MnSiTc2,0.42164799999999997,3,1.0397207708399179,69.75576107500001,4.25,8.75,2016.5,-34.25,6.25,1.8124999999999998,1,TUDA/Tetragonally_distortion_cubic/Mn4Si4Tc8_#139_277.json
MnZn,1.26597,2,0.6931471805599453,60.16002215,4.0,9.5,1105.84,-6.0,4.5,1.6,1,TUDA/Tetragonally_distortion_cubic/Mn1Zn1_#123_68.json
MnZn3,0.570966,2,0.5623351446188083,62.771011075000004,4.0,10.75,899.26,-4.5,3.25,1.6249999999999998,1,TUDA/Tetragonally_distortion_cubic/Mn1Zn3_#123_234.json
NNi4,0.771226,2,0.5004024235381879,49.75615200000001,3.6,11.0,1395.0300000000002,-44.16000000000001,4.2,2.136,1,TUDA/Tetragonally_distortion_cubic/Ni4N1_#123_177.json
Ni3Pt,0.509625,2,0.5623351446188083,92.791305,4.5,10.0,1806.35,-3.75,4.5,2.0025,1,TUDA/Tetragonally_distortion_cubic/Ni3Pt1_#123_242.json
NiRh2Sn,0.19244799999999998,3,1.0397207708399179,95.803786,4.75,10.5,1676.77,-8.0,5.0,2.1075,1,TUDA/Tetragonally_distortion_cubic/Ni4Sn4Rh8_#139_346.json
NiSbV,0.453943,3,1.0986122886681098,77.13168333333333,4.333333333333333,10.0,1604.9266666666665,-12.0,4.666666666666667,1.863333333333333,1,TUDA/Tetragonally_distortion_cubic/V4Ni4Sb4_#119_261.json
